{
  "credit": "Made with Blockbench",
  "parent": "block/block",
  "elements": [
    {
      "name": "Cube",
      "from": [4, 4, 4],
      "to": [12, 12, 12],
      "faces": {
        "north": { "uv": [0, 0, 4, 4], "texture": "#0" },
        "east": { "uv": [0, 0, 4, 4], "texture": "#0" },
        "south": { "uv": [0, 0, 4, 4], "texture": "#0" },
        "west": { "uv": [0, 0, 4, 4], "texture": "#0" },
        "up": { "uv": [0, 0, 4, 4], "texture": "#0" },
        "down": { "uv": [0, 0, 4, 4], "texture": "#0" }
      }
    }
  ],
  "groups": [
    {
      "name": "core",
      "origin": [8, 8, 8],
      "color": 0,
      "children": [0]
    }
  ]
}
