{
  "credit": "Made with Blockbench",
  "parent": "block/block",
  "ambientocclusion": false,
  "elements": [
    {
      "name": "SCon",
      "from": [3, 3, 15],
      "to": [13, 13, 16],
      "faces": {
        "north": { "uv": [3, 3, 13, 13], "texture": "#1" },
        "east": { "uv": [12, 3, 13, 13], "texture": "#1" },
        "south": { "uv": [3, 3, 13, 13], "texture": "#1" },
        "west": { "uv": [3, 3, 4, 13], "texture": "#1" },
        "up": { "uv": [3, 3, 13, 4], "texture": "#1" },
        "down": { "uv": [3, 12, 13, 13], "texture": "#1" }
      }
    },
    {
      "name": "NCon",
      "from": [3, 3, 0],
      "to": [13, 13, 1],
      "faces": {
        "north": { "uv": [3, 3, 13, 13], "texture": "#1" },
        "east": { "uv": [12, 3, 13, 13], "texture": "#1" },
        "south": { "uv": [3, 3, 13, 13], "texture": "#1" },
        "west": { "uv": [3, 3, 4, 13], "texture": "#1" },
        "up": { "uv": [3, 3, 13, 4], "texture": "#1" },
        "down": { "uv": [3, 12, 13, 13], "texture": "#1" }
      }
    },
    {
      "name": "BW",
      "from": [4, 4, 1],
      "to": [6, 6, 15],
      "faces": {
        "north": { "uv": [4, 3, 11, 4], "texture": "#missing" },
        "east": { "uv": [4, 0, 11, 1], "texture": "#0" },
        "south": { "uv": [4, 3, 11, 4], "texture": "#missing" },
        "west": { "uv": [4, 3, 11, 4], "texture": "#0" },
        "up": { "uv": [3, 4, 4, 11], "texture": "#0" },
        "down": { "uv": [0, 4, 1, 11], "texture": "#0" }
      }
    },
    {
      "name": "TE",
      "from": [10, 10, 1],
      "to": [12, 12, 15],
      "faces": {
        "north": { "uv": [4, 3, 11, 4], "texture": "#missing" },
        "east": { "uv": [4, 0, 11, 1], "texture": "#0" },
        "south": { "uv": [4, 3, 11, 4], "texture": "#missing" },
        "west": { "uv": [4, 3, 11, 4], "texture": "#0" },
        "up": { "uv": [3, 4, 4, 11], "texture": "#0" },
        "down": { "uv": [0, 4, 1, 11], "texture": "#0" }
      }
    },
    {
      "name": "BE",
      "from": [10, 4, 1],
      "to": [12, 6, 15],
      "faces": {
        "north": {
          "uv": [4, 3, 11, 4],
          "rotation": 270,
          "texture": "#missing"
        },
        "east": { "uv": [3, 4, 4, 11], "rotation": 90, "texture": "#0" },
        "south": { "uv": [4, 3, 11, 4], "rotation": 90, "texture": "#missing" },
        "west": { "uv": [0, 4, 1, 11], "rotation": 90, "texture": "#0" },
        "up": { "uv": [4, 3, 11, 4], "rotation": 90, "texture": "#0" },
        "down": { "uv": [4, 0, 11, 1], "rotation": 90, "texture": "#0" }
      }
    },
    {
      "name": "TW",
      "from": [4, 10, 1],
      "to": [6, 12, 15],
      "faces": {
        "north": { "uv": [4, 3, 11, 4], "rotation": 90, "texture": "#missing" },
        "east": { "uv": [0, 4, 1, 11], "rotation": 270, "texture": "#0" },
        "south": {
          "uv": [4, 3, 11, 4],
          "rotation": 270,
          "texture": "#missing"
        },
        "west": { "uv": [3, 4, 4, 11], "rotation": 270, "texture": "#0" },
        "up": { "uv": [4, 0, 11, 1], "rotation": 270, "texture": "#0" },
        "down": { "uv": [4, 3, 11, 4], "rotation": 270, "texture": "#0" }
      }
    },
    {
      "name": "W",
      "from": [4, 6, 11],
      "to": [4, 10, 15],
      "rotation": { "angle": 0, "axis": "y", "origin": [0, 10, 12] },
      "faces": {
        "north": { "uv": [4.5, 1, 5, 3], "rotation": 180, "texture": "#0" },
        "east": { "uv": [9, 1, 11, 3], "rotation": 180, "texture": "#0" },
        "west": { "uv": [4, 1, 6, 3], "rotation": 180, "texture": "#0" },
        "up": { "uv": [1, 10, 3, 11], "texture": "#0" },
        "down": { "uv": [1, 4, 3, 5], "texture": "#0" }
      }
    },
    {
      "name": "T",
      "from": [6, 12, 11],
      "to": [10, 12, 15],
      "rotation": { "angle": 0, "axis": "y", "origin": [0, 10, 12] },
      "faces": {
        "north": { "uv": [4.5, 1, 5, 3], "rotation": 270, "texture": "#0" },
        "east": { "uv": [1, 4, 3, 5], "rotation": 270, "texture": "#0" },
        "west": { "uv": [1, 10, 3, 11], "rotation": 270, "texture": "#0" },
        "up": { "uv": [9, 1, 11, 3], "rotation": 90, "texture": "#0" },
        "down": { "uv": [4, 1, 5, 3], "rotation": 90, "texture": "#0" }
      }
    },
    {
      "name": "B",
      "from": [6, 4, 11],
      "to": [10, 4, 15],
      "rotation": { "angle": 0, "axis": "y", "origin": [0, 10, 12] },
      "faces": {
        "north": { "uv": [4.5, 1, 5, 3], "rotation": 270, "texture": "#0" },
        "east": { "uv": [1, 4, 3, 5], "rotation": 270, "texture": "#0" },
        "west": { "uv": [1, 10, 3, 11], "rotation": 270, "texture": "#0" },
        "up": { "uv": [9, 1, 11, 3], "rotation": 90, "texture": "#0" },
        "down": { "uv": [4, 1, 6, 3], "rotation": 90, "texture": "#0" }
      }
    },
    {
      "name": "S",
      "from": [12, 6, 11],
      "to": [12, 10, 15],
      "rotation": { "angle": 0, "axis": "y", "origin": [0, 10, 12] },
      "faces": {
        "north": { "uv": [4.5, 1, 5, 3], "rotation": 180, "texture": "#0" },
        "east": { "uv": [9, 1, 11, 3], "rotation": 180, "texture": "#0" },
        "west": { "uv": [4, 1, 6, 3], "rotation": 180, "texture": "#0" },
        "up": { "uv": [1, 10, 3, 11], "texture": "#0" },
        "down": { "uv": [1, 4, 3, 5], "texture": "#0" }
      }
    },
    {
      "name": "W",
      "from": [12, 6, 1],
      "to": [12, 10, 5],
      "faces": {
        "east": { "uv": [9, 1, 11, 3], "texture": "#0" },
        "south": { "uv": [4.5, 1, 5, 3], "texture": "#0" },
        "west": { "uv": [4, 1, 6, 3], "texture": "#0" },
        "up": { "uv": [1, 4, 3, 6], "texture": "#0" },
        "down": { "uv": [1, 10, 3, 11], "texture": "#0" }
      }
    },
    {
      "name": "N",
      "from": [6, 4, 1],
      "to": [10, 4, 5],
      "rotation": { "angle": 0, "axis": "y", "origin": [0, 10, 12] },
      "faces": {
        "east": { "uv": [9, 1, 11, 3], "rotation": 270, "texture": "#0" },
        "south": { "uv": [10, 1, 10.5, 3], "rotation": 270, "texture": "#0" },
        "west": { "uv": [4, 1, 6, 3], "rotation": 270, "texture": "#0" },
        "up": { "uv": [9, 1, 11, 3], "rotation": 270, "texture": "#0" },
        "down": { "uv": [4, 1, 6, 3], "rotation": 270, "texture": "#0" }
      }
    },
    {
      "name": "N",
      "from": [6, 12, 1],
      "to": [10, 12, 5],
      "rotation": { "angle": 0, "axis": "y", "origin": [0, 10, 12] },
      "faces": {
        "east": { "uv": [9, 1, 11, 3], "rotation": 270, "texture": "#0" },
        "south": { "uv": [10, 1, 10.5, 3], "rotation": 270, "texture": "#0" },
        "west": { "uv": [4, 1, 6, 3], "rotation": 270, "texture": "#0" },
        "up": { "uv": [9, 1, 11, 3], "rotation": 270, "texture": "#0" },
        "down": { "uv": [4, 1, 5, 3], "rotation": 270, "texture": "#0" }
      }
    },
    {
      "name": "N",
      "from": [4, 6, 1],
      "to": [4, 10, 5],
      "faces": {
        "east": { "uv": [9, 1, 11, 3], "texture": "#0" },
        "south": { "uv": [10, 1, 10.5, 3], "texture": "#0" },
        "west": { "uv": [4, 1, 6, 3], "texture": "#0" },
        "up": { "uv": [1, 4, 3, 6], "texture": "#0" },
        "down": { "uv": [1, 10, 3, 11], "texture": "#0" }
      }
    },
    {
      "name": "W",
      "from": [4, 9, 5],
      "to": [4, 10, 11],
      "rotation": { "angle": 0, "axis": "y", "origin": [0, 10, 12] },
      "faces": {
        "north": {
          "uv": [4.5, 1, 5, 3],
          "rotation": 180,
          "texture": "#missing"
        },
        "east": { "uv": [6, 1, 9, 1.5], "rotation": 180, "texture": "#0" },
        "west": { "uv": [6, 1, 9, 1.5], "rotation": 180, "texture": "#0" },
        "up": { "uv": [1, 10, 3, 11], "texture": "#missing" },
        "down": { "uv": [1, 4, 3, 5], "texture": "#missing" }
      }
    },
    {
      "name": "W",
      "from": [4, 6, 5],
      "to": [4, 7, 11],
      "rotation": { "angle": 0, "axis": "y", "origin": [0, 10, 12] },
      "faces": {
        "north": {
          "uv": [4.5, 1, 5, 3],
          "rotation": 180,
          "texture": "#missing"
        },
        "east": { "uv": [6, 1, 9, 1.5], "rotation": 180, "texture": "#0" },
        "west": { "uv": [6, 2.5, 9, 3], "rotation": 180, "texture": "#0" },
        "up": { "uv": [1, 10, 3, 11], "texture": "#missing" },
        "down": { "uv": [1, 4, 3, 5], "texture": "#missing" }
      }
    },
    {
      "name": "W",
      "from": [12, 9, 5],
      "to": [12, 10, 11],
      "rotation": { "angle": 0, "axis": "y", "origin": [0, 10, 12] },
      "faces": {
        "north": {
          "uv": [4.5, 1, 5, 3],
          "rotation": 180,
          "texture": "#missing"
        },
        "east": { "uv": [6, 1, 9, 1.5], "rotation": 180, "texture": "#0" },
        "west": { "uv": [6, 1, 9, 1.5], "rotation": 180, "texture": "#0" },
        "up": { "uv": [1, 10, 3, 11], "texture": "#missing" },
        "down": { "uv": [1, 4, 3, 5], "texture": "#missing" }
      }
    },
    {
      "name": "W",
      "from": [12, 6, 5],
      "to": [12, 7, 11],
      "rotation": { "angle": 0, "axis": "y", "origin": [0, 10, 12] },
      "faces": {
        "north": {
          "uv": [4.5, 1, 5, 3],
          "rotation": 180,
          "texture": "#missing"
        },
        "east": { "uv": [6, 1, 9, 1.5], "rotation": 180, "texture": "#0" },
        "west": { "uv": [6, 2.5, 9, 3], "rotation": 180, "texture": "#0" },
        "up": { "uv": [1, 10, 3, 11], "texture": "#missing" },
        "down": { "uv": [1, 4, 3, 5], "texture": "#missing" }
      }
    },
    {
      "name": "W",
      "from": [6, 12, 5],
      "to": [7, 12, 11],
      "rotation": { "angle": 0, "axis": "z", "origin": [0, 10, 12] },
      "faces": {
        "north": {
          "uv": [4.5, 1, 5, 3],
          "rotation": 270,
          "texture": "#missing"
        },
        "east": { "uv": [1, 4, 3, 5], "rotation": 270, "texture": "#missing" },
        "west": {
          "uv": [1, 10, 3, 11],
          "rotation": 270,
          "texture": "#missing"
        },
        "up": { "uv": [6, 1, 9, 1.5], "rotation": 90, "texture": "#0" },
        "down": { "uv": [6, 1, 9, 1.5], "rotation": 90, "texture": "#0" }
      }
    },
    {
      "name": "W",
      "from": [9, 12, 5],
      "to": [10, 12, 11],
      "rotation": { "angle": 0, "axis": "z", "origin": [0, 10, 12] },
      "faces": {
        "north": {
          "uv": [4.5, 1, 5, 3],
          "rotation": 270,
          "texture": "#missing"
        },
        "east": { "uv": [1, 4, 3, 5], "rotation": 270, "texture": "#missing" },
        "west": {
          "uv": [1, 10, 3, 11],
          "rotation": 270,
          "texture": "#missing"
        },
        "up": { "uv": [6, 1, 9, 1.5], "rotation": 90, "texture": "#0" },
        "down": { "uv": [6, 2.5, 9, 3], "rotation": 90, "texture": "#0" }
      }
    },
    {
      "name": "W",
      "from": [6, 4, 5],
      "to": [7, 4, 11],
      "rotation": { "angle": 0, "axis": "z", "origin": [0, 10, 12] },
      "faces": {
        "north": {
          "uv": [4.5, 1, 5, 3],
          "rotation": 270,
          "texture": "#missing"
        },
        "east": { "uv": [1, 4, 3, 5], "rotation": 270, "texture": "#missing" },
        "west": {
          "uv": [1, 10, 3, 11],
          "rotation": 270,
          "texture": "#missing"
        },
        "up": { "uv": [6, 1, 9, 1.5], "rotation": 90, "texture": "#0" },
        "down": { "uv": [6, 1, 9, 1.5], "rotation": 90, "texture": "#0" }
      }
    },
    {
      "name": "W",
      "from": [9, 4, 5],
      "to": [10, 4, 11],
      "rotation": { "angle": 0, "axis": "z", "origin": [0, 10, 12] },
      "faces": {
        "north": {
          "uv": [4.5, 1, 5, 3],
          "rotation": 270,
          "texture": "#missing"
        },
        "east": { "uv": [1, 4, 3, 5], "rotation": 270, "texture": "#missing" },
        "west": {
          "uv": [1, 10, 3, 11],
          "rotation": 270,
          "texture": "#missing"
        },
        "up": { "uv": [6, 1, 9, 1.5], "rotation": 90, "texture": "#0" },
        "down": { "uv": [6, 2.5, 9, 3], "rotation": 90, "texture": "#0" }
      }
    }
  ],
  "display": {},
  "groups": [
    {
      "name": "straight",
      "origin": [8, 8, 8],
      "color": 0,
      "children": [
        {
          "name": "connectors",
          "origin": [8, 8, 8],
          "color": 0,
          "children": [0, 1]
        },
        {
          "name": "struts",
          "origin": [8, 8, 8],
          "color": 0,
          "children": [2, 3, 4, 5]
        }
      ]
    },
    {
      "name": "walls",
      "origin": [8, 8, 8],
      "color": 0,
      "children": [
        {
          "name": "S",
          "origin": [8, 8, 8],
          "color": 0,
          "children": [6, 7, 8, 9]
        },
        {
          "name": "N",
          "origin": [8, 8, 8],
          "color": 0,
          "children": [10, 11, 12, 13]
        },
        {
          "name": "E",
          "origin": [8, 8, 8],
          "color": 0,
          "children": [14, 15]
        },
        {
          "name": "W",
          "origin": [8, 8, 8],
          "color": 0,
          "children": [16, 17]
        },
        {
          "name": "T",
          "origin": [8, 8, 8],
          "color": 0,
          "children": [18, 19]
        },
        {
          "name": "B",
          "origin": [8, 8, 8],
          "color": 0,
          "children": [20, 21]
        }
      ]
    }
  ]
}
