{
  "credit": "Made with Blockbench",
  "parent": "block/block",
  "ambientocclusion": false,
  "elements": [
    {
      "name": "SCon",
      "from": [3, 3, 15],
      "to": [13, 13, 16],
      "faces": {
        "north": { "uv": [3, 3, 13, 13], "texture": "#1" },
        "east": { "uv": [12, 3, 13, 13], "texture": "#1" },
        "south": { "uv": [3, 3, 13, 13], "texture": "#1" },
        "west": { "uv": [3, 3, 4, 13], "texture": "#1" },
        "up": { "uv": [3, 3, 13, 4], "texture": "#1" },
        "down": { "uv": [3, 12, 13, 13], "texture": "#1" }
      }
    },
    {
      "name": "NCon",
      "from": [3, 3, 0],
      "to": [13, 13, 1],
      "faces": {
        "north": { "uv": [3, 3, 13, 13], "texture": "#1" },
        "east": { "uv": [12, 3, 13, 13], "texture": "#1" },
        "south": { "uv": [3, 3, 13, 13], "texture": "#1" },
        "west": { "uv": [3, 3, 4, 13], "texture": "#1" },
        "up": { "uv": [3, 3, 13, 4], "texture": "#1" },
        "down": { "uv": [3, 12, 13, 13], "texture": "#1" }
      }
    },
    {
      "from": [4, 4, 1],
      "to": [12, 12, 15],
      "faces": {
        "north": { "uv": [0, 0, 8, 8], "texture": "#missing" },
        "east": { "uv": [4, 0, 11, 4], "texture": "#0" },
        "west": { "uv": [4, 0, 11, 4], "texture": "#0" },
        "up": { "uv": [0, 4, 4, 11], "texture": "#0" },
        "down": { "uv": [0, 4, 4, 11], "texture": "#0" }
      }
    }
  ],
  "groups": [
    {
      "name": "straight",
      "origin": [8, 8, 8],
      "color": 0,
      "children": [
        {
          "name": "connectors",
          "origin": [8, 8, 8],
          "color": 0,
          "children": [0, 1]
        }
      ]
    },
    2
  ]
}
